deployment_num,project_name,recorder_lab_id_num,recorder_ID,firmware_version,micro_sd_ID,config_file_name,deployment_team,,location_site_name,site_subname,latitude,longitude,gps_source,gps_accuracy_m,AM_housing,height_above_ground_m,dropoff_date,dropoff_time,dropoff_notes,habitat,setting,game_cam_present,num_game_cam_present,game_cam_deploy_num,pickup_date,pickup_time,working_at_retrieval,pickup_notes,recorder_checkin_date,recorder_checkin_notes,card_upload_date,card_upload_notes,card_data_size,FLAG,FLAG_comments
AM0001,Eclipse project,14,2474750763FA5818,1.9.2,21,eclipse_project2.config,"Erika, Gus",1,Kip tract,,44.5826,-75.149536,,,,,31-Mar-24,18:54,peepers calling loudly,Evergreen,Rural,FALSE,,,16-Apr-24,9:30,TRUE,,16-Apr-24,batteries removed and device left out to fully dry before storage,16-Apr-24,files copied to NoCo Audio hard drive and sd card erased,,,
AM0002,Eclipse project,8,247AA50864D67CF2,1.9.2,7,eclipse_project2.config,"Erika, Gus, Kelsey Simler, Evelyn Albrecht, Jessica Harman",,Kip tract,,44.5841,-75.138658,,,,,30-Mar-24,13:36,"sunny, c. 48F, light breeze",Mixed,Rural,FALSE,,,16-Apr-24,8:25,TRUE,,16-Apr-24,batteries removed and device left out to fully dry before storage,16-Apr-24,files copied to NoCo Audio hard drive and sd card erased,,,
AM0003,Eclipse project,21,24E1440163FA58EC,1.9.2,23,eclipse_project2.config,"Erika, Gus",1,Kip tract,Sandbanks,44.5794,-75.156338,,,,,30-Mar-24,17:54,,Mixed,Rural,FALSE,,,16-Apr-24,8:48,TRUE,,16-Apr-24,batteries removed and device left out to fully dry before storage,16-Apr-24,checked on 10 April and picked up SD 23 and replaced with SD 03. Added files from SD03 to the folder for A021_SD023 on 16 April 2024,,,
AM0004,Eclipse project,2,243B1F0663FADE06,1.9.2,13,eclipse_project2.config,"Erika, Gus",1,Kip tract,Sandbanks,44.5802,-75.161182,,,,,30-Mar-24,17:35,Facing E in hawthorne adjacent to but down slope from trail,Deciduous,Rural,FALSE,,,16-Apr-24,8:59,TRUE,,16-Apr-24,batteries removed and device left out to fully dry before storage,16-Apr-24,checked on 10 April and picked up SD 13 and replaced with SD 04. Added files from SD04 to the folder for A002_SD013 on 16 April 2024,,,
AM0005,Eclipse project,18,24E1440163FAB36D,1.9.2,11,eclipse_project2.config,Erika,,Kip tract,,44.5848,-75.147694,,,,,31-Mar-24,18:43,Forested wetland pond; wood frogs calling in water,Deciduous,Rural,FALSE,,,16-Apr-24,9:21,TRUE,,16-Apr-24,batteries removed and device left out to fully dry before storage,16-Apr-24,files copied to NoCo Audio hard drive and sd card erased,,,
AM0006,Eclipse project,16,2466BE0464D67AE1,1.9.2,22,eclipse_project2.config,"Erika, Gus, Kelsey Simler, Evelyn Albrecht, Jessica Harman",,Kip tract,,44.5835,-75.133642,,,,,30-Mar-24,13:12,"sunny, c. 48F, light breeze; Pike Rd. entrance to Kip trail. First swamp to left on trail.",Deciduous,Rural,FALSE,,,16-Apr-24,8:09,TRUE,,16-Apr-24,batteries removed and device left out to fully dry before storage,16-Apr-24,checked on 10 April and picked up SD 22 and replaced with unlabeled 128gb SD card. Added files from unlabeled SD card to the folder for A016_SD022 on 16 April 2024,,,
AM0007,Eclipse project,4,242A260463FA7A6E,1.9.2,12,eclipse_project2.config,"Erika, Gus, Kelsey Simler, Evelyn Albrecht, Jessica Harman",,Kip tract,,44.5857,-75.133596,,,,,30-Mar-24,13:25,"sunny, c. 48F, light breeze",Deciduous,Rural,FALSE,,,16-Apr-24,8:15,TRUE,,16-Apr-24,batteries removed and device left out to fully dry before storage,16-Apr-24,checked on 10 April and picked up SD 12 and replaced with SD card 02. Added files from SD card 02 to the folder for A004_SD012 on 16 April 2024,,,
AM0008,Eclipse project,11,2466BE0146D67B51,1.9.2,18,eclipse_project2.config,"Erika, Gus",,Donnerville,,44.4409,-75.068729,,,,,31-Mar-24,15:43,"Park @ Harper falls trailhaed, walk E on Rd to E side of swamp then S along forest-swamp edge.",Deciduous,Rural,FALSE,,,18-Apr-24,8:55,TRUE,,18-Apr-24,batteries removed and device left out to fully dry before storage,18-Apr-24,,,,
AM0009,Eclipse project,3,249C600363FAC63F,1.9.2,5,eclipse_project2.config,"Erika, Gus",1,Donnerville,,44.4335,-75.10451,,,,,31-Mar-24,15:20,At margin b/w wetland and forest at bottom of forest slope,Deciduous,Rural,FALSE,,,18-Apr-24,11:20,TRUE,Delayed due to flat tire; several hours after pickup of other 3 @ Donnerville,18-Apr-24,batteries removed and device left out to fully dry before storage,18-Apr-24,,,,
AM0010,Eclipse project,5,2403750364D67B11,1.9.2,2,eclipse_project2.config,"Erika, Gus",1,Donnerville,,44.4368,-75.071735,,,,,31-Mar-24,16:00,W edge of beaver pond in vernal pool edge where I heard wood frogs calling,Deciduous,Rural,FALSE,,,18-Apr-24,8:31,TRUE,,19-Apr-24,batteries removed and device left out to fully dry before storage,19-Apr-24,,,,
AM0011,Eclipse project,1,24F3190863FAA5B9,1.9.2,1,eclipse_project2.config,"Erika, Gus",,Donnerville,,44.429,-75.107978,,,,,31-Mar-24,15:05,wood frogs calling,Deciduous,Rural,FALSE,,,18-Apr-24,9:08,TRUE,,19-Apr-24,batteries removed and device left out to fully dry before storage,19-Apr-24,,,,
AM0012,Eclipse project,17,243EBE0164D67B51,1.9.2,24,eclipse_project2.config,"Erika, Gus, Kelsey Simler, Evelyn Albrecht  ",,Upper and Lower Lakes,Indian Creek Nature Center,44.600911,-75.285238,,,,,30-Mar-24,14:40,"sunny, c. 48 F, light wind",Mixed ,Rural,FALSE,,,28-Apr-24,15:14,TRUE,,28-Apr-24,batteries removed and device left out to fully dry before storage,28-Apr-24,,,,
AM0013,Eclipse project,6,2453AC0264D67171,1.9.2,6,eclipse_project2.config,"Erika, Gus, Kelsey Simler, Evelyn Albrecht",1,Upper and Lower Lakes,Indian Creek Nature Center,44.592808,-75.290404,,,,,30-Mar-24,15:30,"sunny, c. 48 F, light wind",Deciduous,Rural,FALSE,,,28-Apr-24,14:40,TRUE,,28-Apr-24,batteries removed and device left out to fully dry before storage,28-Apr-24,,,,
AM0014,Eclipse project,15,243B1F0663FA5AC8,1.9.2,10,eclipse_project2.config,"Erika, Gus, Kelsey Simler, Evelyn Albrecht",1,Upper and Lower Lakes,Indian Creek Nature Center,44.590335,-75.289551,,,,,30-Mar-24,15:41,"sunny, c. 48F, light breezer",Deciduous,Rural,FALSE,,,28-Apr-24,14:28,TRUE,,28-Apr-24,batteries removed and device left out to fully dry before storage,28-Apr-24,only recorded through 12 April,,,
AM0015,Eclipse project,7,2403750364D67B21,1.9.2,17,eclipse_project2.config,"Erika, Gus, Kelsey Simler, Evelyn Albrecht",1,Upper and Lower Lakes,Indian Creek Nature Center,44.591051,-75.300596,,,,,30-Mar-24,16:02,successional (early) growth,Deciduous,Rural,FALSE,,,28-Apr-24,13:57,TRUE,,28-Apr-24,batteries removed and device left out to fully dry before storage,28-Apr-24,,,,
AM0016,Eclipse project,13,242A260463FAA578,1.9.2,16,eclipse_project2.config,"Erika, Gus, Kelsey Simler, Evelyn Albrecht",1,Upper and Lower Lakes,Indian Creek Nature Center,44.590114,-75.296048,,,,,30-Mar-24,15:10,"sunny, c. 48F light breeze",Deciduous,Rural,FALSE,,,28-Apr-24,14:08,TRUE,,29-Apr-24,batteries removed and device left out to fully dry before storage,29-Apr-24,,,,
AM0017,Eclipse project,22,24F3190863FAB496,1.9.2,19,eclipse_project2.config,"Erika, Gus, Kelsey Simler, Evelyn Albrecht",1,Upper and Lower Lakes,,44.57808,-75.306596,,,,,30-Mar-24,16:18,"sunny, c. 48F light breeze",Deciduous,Rural,FALSE,,,28-Apr-24,13:44,TRUE,,29-Apr-24,batteries removed and device left out to fully dry before storage,29-Apr-24,,,,
AM0018,Eclipse project,10,243EBE0164D67739,1.9.2,14,eclipse_project2.config,"Erika, Gus, Kelsey Simler, Evelyn Albrecht",,Upper and Lower Lakes,,44.601558,-75.26774,,,,,30-Mar-24,14:16,"sunny, c. 48F, light breeze",Mixed,Rural,FALSE,,,4-May-24,15:22,TRUE,had to bike down road - gate closed on 15 April 2024,5-May-24,batteries removed and device left out to fully dry before storage,5-May-24,,,,
AM0019,Eclipse project,19,243B1F0663FAA578,1.9.2,8,eclipse_project2.config,"Erika, Gus, Kelsey SImler, Evelyn Albrecht",,Upper and Lower Lakes,,44.569722,-75.291678,,,,,30-Mar-24,16:57,"sunny, c. 48 F, light wind",Deciduous,Rural,FALSE,,,4-May-24,14:43,TRUE,had to bike down road - gate closed on 15 April 2024; vernal pool smaller but still with some standing water a few inches deep,5-May-24,batteries removed and device left out to fully dry before storage,5-May-24,,,,
AM0020,Eclipse project,9,2466BE0464D67B31,1.9.2,9,eclipse_project2.config,"Erika, Gus, Kelsey Simler, Evelyn Albrecht",,Upper and Lower Lakes,,44.576828,-75.284838,,,,,30-Mar-24,16:39,,Deciduous,Rural,FALSE,,,4-May-24,14:15,TRUE,had to bike down road - gate closed on 15 April 2024; wetland area is basically dry; some mud but no standing water,5-May-24,batteries removed and device left out to fully dry before storage,5-May-24,,,,